{"cameraMode":{"drawMode":0,"name":"Shaded","section":"Shading Mode"},"sceneLighting":true,"audioPlay":false,"sceneViewState":{"m_AlwaysRefresh":false,"showFog":true,"showSkybox":true,"showFlares":true,"showImageEffects":true,"showParticleSystems":true,"showVisualEffectGraphs":true,"m_FxEnabled":true},"in2DMode":false,"pivot":{"x":-0.9266745448112488,"y":-6.612780570983887,"z":31.20391845703125},"rotation":{"x":0.14201727509498597,"y":-0.0059397853910923,"z":0.000847743300255388,"w":0.9898588061332703},"size":21.692848205566408,"orthographic":false}